Identifier,Title,Series,Issue,Creator,Contributors,Correspondents,Date,Publisher,Location,Summary,Extent,Dimensions,Subject (FAST),Subject (People),Subject (Local),Decade,Theme,Genre,Type,Language,Repository,Collection,Folder,Rights,Digital Collection,Digital Publisher,Digitized,Transcript,Preservation Filename,Object ID
BC-0688_Recto,"Letter regarding Mr. Prasobsukh Sukhsvasti, 27 October 1938",,,"Sheehan, Murray",,"Marshall, Miss; Rosser, Aurelia; Sukhsvasti, Prasobsukh",1938-10-27,,District of Columbia--Washington; Ohio--Oxford,"A letter from Murray Sheehan, Superintendent of the Siamese Legation, to Miss Marshall, Secretary to the President of Miami University, dated 27 October 1938. The letter provides the address and occupation of Mr. Prasobsukh Sukhsvasti for the 1938 graduate files. Sheehan requests that Miami University refrain from granting the title of 'Prince' to Mr. Sukhsvasti, despite his own publicity. The letter mentions Mr. Sukhsvasti's potential roles in Siam as a high-school teacher or a government official.",,,"correspondence; Miami University (Oxford, Ohio); international students",,,1930-1939,,letters (correspondence),,English,,,,,,,,"[handwritten] 1 RP  
[handwritten] 2  
[handwritten] Mn Mr's - Pls note return  
[handwritten] e?ty

STUDENTS' DEPARTMENT  
MURRAY SHEEHAN, SUPERINTENDENT

SIAMESE LEGATION

2300 KALORAMA ROAD  
WASHINGTON, D.C.

October 27, 1938

Secretary to the President  
Miami University  
Oxford, Ohio

My dear Miss Marshall:

Miss Aurelia Rosser has written to
say that you would like to have Mr. Prasobsukh Sukhsvasti's
present address and occupation for the 1938 graduate files.

Mr. Sukhsvasti should be listed as M. C. Prasobsukh
Sukhsvasti, 10 Pra Aditya Road, Bangkok, Siam. I should like
again, as on previous occasions, to request that the title of
""Prince"" be not granted to him by Miami University, despite
Mr. Sukhsvasti's own apparent wide publicity on that score.
His position in Siam may be, as before, a high-school teacher,
or he may now be granted a position in one of the Government
offices.

Unfortunately, Miss Rosser named you only as ""Miss
Marshall,"" so I am unable to address you more fully.

Yours very truly,

[handwritten] Murray Sheehan

Superintendent",BC-0688_Recto,
BC-0692_Recto,"Upham itinerary document, undated",,,,,,,,Ohio--Oxford,"This document outlines the travel itinerary of Alfred H. Upham, president of Miami University (1928-1945), detailing mailing dates and locations from Oxford, Ohio. The itinerary includes stops in Yokohama, Manila, Singapore, Calcutta, Bombay, Cairo, and Naples, with addresses for American Express offices in each city. The document provides specific dates for each location, indicating a planned international trip.",,,travel,,,,,itineraries,,,,,,,,,,"Upham Itinerary

Address

Mailing dates
from Oxford, Ohio

Yokohama and Japan
December 6 - 19

American Express Co.
7 Nihon Odori, Nakaku
(P. O. Box 407)
Yokohama, Japan

November 17 - 24

Manila
December 27 - January 5

American Express Co.
95 Plaza Moraga
(P. O. Box 1463)
Manila, P. I.

November 24 -
December 1

Singapore
January 9 - 27

American Express Co.
No. 1, Collyer Quay
Singapore, Straits Sett*ments

December 1 - 14

Calcutta
February 6 - 7

American Express Co.
14-15 Government Place, East
(P. O. Box 2311)
Calcutta, India

December 14 -
January 1

Bombay
February 17 - 18

American Express Co.
82-84 Esplanade Road, Fort
(P. O. Box 507)
Bombay, India:

January 1 - 21

Cairo
February 28 - March 14

American Express Co.
Continental Savoy Bldg.
(P. O. Box 2160)
Cairo, Egypt

January 21 -
February 28

Naples and Italy
March 19 - April 10

American Express Co.
23a Piazza dei Martiri
Naples, Italy

February 28 - March 15

American Express Co.
Via Balbi (Hotel Columbia)
Genoa, Italy

March 15 - 30",BC-0692_Recto,
BC-0694_Recto,"Letter to Mr. Kiyoshi Tomizawa from Alfred H. Upham, 19 October 1937",,,"Upham, Alfred H.",,"Tomizawa, Kiyoshi",1937-10-19,,California--San Francisco,"A letter from Alfred H. Upham, president of Miami University (1928-1945), to Mr. Kiyoshi Tomizawa, dated October 19, 1937. Upham discusses his family's plans for a winter vacation involving a trip around the world, with a potential stop in Japan. He expresses a desire to meet Tomizawa in San Francisco before their departure. Upham also reflects on Tomizawa's visit to Oxford in June, noting the warm friendships he reestablished and the pride in his work.",,,"correspondence; Miami University (Oxford, Ohio); travel",,,1930-1939,,letters (correspondence),,,,,,,,,,"October 19, 1937

Mr. Kiyoshi Tomizawa
1528 Bush Street
San Francisco, California

My dear Tomizawa:

All summer and fall the Upham family have been
planning a winter vacation which would take the shape
of a trip around the world. In spite of many discourage-
ments we are still hopeful of carrying out our plans.
If we do, we shall sail from San Francisco at noon on
Saturday, November 13, using the President Hoover of
the Dollar Line. Of course these ships do not now touch
at any Chinese ports, but we are still hopeful that we
may be allowed to land at Yokohama and spend a number
of days in Japan. For that reason in particular I should
enjoy having opportunity for a chat with you either at
the pier or shortly before we sail. Since our time is
limited we do not expect to reach San Francisco before
Friday night. We shall probably stay overnight at the
Sir Francis Drake Hotel.

We all enjoyed your visit to Oxford in June quite
as much as I suspect you did. You reestablished many
warm friendships here, and we are all proud of the work
you are doing.

With all good wishes,

Very truly yours,

President",BC-0694_Recto,
BC-0695_Recto,"Letter to the Minister from Siam regarding Prasob Sukhvashti, 20 October 1937",,,"Upham, Alfred H.",,,1937-10-20,,District of Columbia--Washington,"A letter from Alfred H. Upham, president of Miami University (1928-1945), to the Minister from Siam at the Siamese Legation in Washington, D.C. The letter discusses Prasob Sukhvashti, a student who returned to Miami University to continue his studies. Upham praises Sukhvashti's academic performance and character, noting his determination and success in integrating into the university community. The letter supports Sukhvashti's plan to pursue a master's degree after completing his bachelor's degree.",,,"correspondence; Miami University (Oxford, Ohio); international students",,,1930-1939,,letters (correspondence),,,,,,,,,,"October 20, 1937

His Excellency, the Minister from Siam
Siamese Legation
Washington, D. C.

Dear Sir:

Prasob Sukhvashti, who has returned to Miami University
this fall to continue his college course here, has asked me
to write you regarding the record and impression he has made
on our campus.

During his earlier residence with us we all came to
think very highly of him, both on account of his natural
ability and because of the determination with which he went
to work to improve upon his record in the east and to
profit by the educational opportunities here. Except for
his wider experience he was just another Miami student, un-
assuming, dependable, and interested in what life here had
to offer. He did first class work in his studies and made
many friends among students and faculty. We have all been
delighted to have him return to us this year.

There is every indication that the young man has
entered upon his work this fall with the same fine spirit
he manifested before. In the interval he has had added ex-
perience in teaching and in newspaper work, so that he has
more definite objectives than before. His idea of continuing
here until he has completed work for the master's degree
seems to me entirely sound, since he will have slightly more
than enough credits for the A. B. degree at Commencement time
in June, and can qualify for the master's degree by the middle
of the next college year, about February 1, 1939. I am sure
that you may count upon him to do what he undertakes and ful-
fill all obligations.

Respectfully yours,

President",BC-0695_Recto,
BC-0696_Recto,"Letter to President William M. Jardine from Alfred H. Upham, 20 October 1937",,,"Upham, Alfred H.",,"Jardine, William M.",1937-10-20,,Ohio--Oxford; Kansas--Wichita,"A letter from Alfred H. Upham, president of Miami University (1928-1945), to President William M. Jardine of the University of Wichita. Upham discusses his plans for a sabbatical leave involving a trip around the world, with a scheduled departure from San Francisco on November 13. He seeks Jardine's advice and connections for the Cairo leg of his journey. Upham also mentions the public perception of university presidents taking sabbatical trips.",,,"correspondence; Miami University (Oxford, Ohio); travel",,,1930-1939,,letters (correspondence),,,,,,,,,,"October 20, 1937

President William M. Jardine
University of Wichita
Wichita, Kansas

My dear Jardine:

You may recall that when I was in your home last
June I indicated with very little confidence that the
Uphams were hoping to utilize a sabbatical leave for
winter vacation this year for a trip around the world.
One obstacle after another seems to arise to prevent this,
but we are still pushing ahead with our plans and have en-
gaged passage on a boat leaving San Francisco November 13.
Of course we shall have to detour around China, and per-
haps a few other places, but we are due to reach Cairo
about February 14 and make that our headquarters until
the end of February. We have no detailed plans for those
two weeks but expect to make the trip to Luxor and also to
Jerusalem.

I am wondering if in the light of your experience
and acquaintance there you would have any suggestions you
would care to offer or would indicate any people whom we
ought to see. I am told that this is the busiest time of
the year there, and well understand how that would be so.
If only you and your family were located there once more,
this part of our trip would be a real holiday. As it is,
we shall be just some other American tourists.

I am not letting much publicity out in regard to
this winter trip, because however valuable it may be for
professors to enjoy sabbatical travel, the public hardly
approves of presidents doing such wasteful things.

With all good wishes,

Very truly yours,

President",BC-0696_Recto,
BC-0697_Recto,"Dr. Upham and family planning trip to Japan, 16 November 1937",,,,,,1937-11-16,,Ohio--Oxford,"This newspaper clipping from the Journal-News, dated 16 November 1937, details the travel plans of Dr. A. H. Upham, president of Miami University, along with his family. They are set to leave San Francisco for a sabbatical trip to Japan, Hong Kong, the Philippines, Java, India, Egypt, and the Mediterranean countries, returning via New York. Dr. Upham intends to study educational methods abroad and visit Miami alumni. A. K. Morris will assume his duties during his absence.",,,"correspondence; Miami University (Oxford, Ohio); travel; education",,,1930-1939,,clippings (information artifacts),,,,,,,,,,"PAGE TWO

OXFORD

Ralph McGinnis, correspondent, phone Oxford 256-J or 560-L.
Miss Jean Van Ausdall, society and personals, phone Oxford 596.
News items may be left at Hoseck’s Studio.
J. C. Byrne Drug company, business agent for the Journal-News
Phone Oxford 41 for subscriptions and advertisements.

DR. UPHAM AND FAMILY
PLANNING TRIP TO JAPAN

To Leave San Francisco Next
Week For Voyage; Duties
On Campus Placed In
Hands Of A. K. Morris

Special To The Journal-News.
Oxford, Nov. 16.

Dr. A. H. Upham, Miami president, Mrs. Upham, and daughter,
Peggy, will leave this week for a
winter vacation which will be in
the nature of a Sabbatical leave.

The Uphams plan to leave San
Francisco early next week and will
visit Japan, Hong Kong, the Philippines, Java, India, Egypt, and
the Mediterranean countries, returning via New York.

Dr. Upham will study educational methods in foreign universities and will visit Miami alumni
living abroad.

They will be met in Honolulu by
Mrs. W. H. Shideler, and later will
meet Dr. Shideler, who is touring
the world, in Bombay.

The Uphams plan to renew old
acquaintances among Miami alumni
now living in Japan, the Philippines, and other countries.

Dr. Upham returned to Miami in
1927 after an absence of eight
years as president of the University of Idaho. A. K. Morris, vice
president, will act for him in his
absence.

Oxford Business Notices

FOR SALE—Electric stove in good
condition. Apply McGreevy Dairy
and Ice Co., Dixie highway.
79—2t

the American Association for the
Advancement of Science to give
the guest address at their December meeting in Indianapolis.

During the speech, Dr. Evans will
show 24 reels of motion pictures
which he took last summer on his
trip in the West. The pictures are
on such subjects as the Great
Plains, the forests of the Northwest, and the vegetation of the
perial desert.

Dr. Heckert To Head
Red Cross Canvass

The Red Cross roll-call
ford will be conducted by
of Stewart and McGuffey
schools. Dr. J. W. ?
serve as chairman of
canvass will begin
November 18,
through Novemb

Ticket Sale M
For Turkey

Season
tickets
cinn

pl

A.A.U.W. Arran
Annu

[unclear]",BC-0697_Recto,
BC-0698_Recto,"Miami U. president among 503 rescued from grounded liner, 11 December 1937",,,,,,1937-12-11,,Ohio--Cincinnati,"A newspaper clipping from The Post, dated 11 December 1937, reporting on the rescue of Miami University President Alfred H. Upham among 503 passengers from a grounded liner. The article also covers the Japanese military actions in Nanking, predicting a complete victory by nightfall. The clipping includes various news items, such as weather forecasts and local events in Cincinnati.",,,"Miami University (Oxford, Ohio); correspondence; Japanese Americans; World War (1939-1945)",,,1930-1939,,clippings (information artifacts),,,,,,,,,,"Tosses His Dime

The Post

U. S. WEATHER FORECAST: Fair, slightly warmer tonight.

VOL. 114. NO. 141.	CINCINNATI, SATURDAY, DEC. 11, 1937.	Entered at Cincinnati as Second Class Matter Jan. 15, 1881. Act of 1879.

HAMILTON
BUTLER COUNTY NEWS
PAGE 9

The Post has dispatches of the United Press,
greatest world-wide news-gathering association.

PRICE THREE CENTS

Miami U. President Among 503
Rescued From Grounded Liner

JAPS STORM
LAST DEFENSE
AT NANKING

Thousands of Troops Battle
in City, Complete Victory
by Nightfall Predicted

By the United Press.
SHANGHAI, Dec. 11.—Thousands
of Japanese troops stormed the last
Chinese defenses inside Nanking
today, and hoped to completely sub-
due the city by nightfall.

A Japanese army spokesman said
that ""encircling"" positions of the Chi-
nese positions is proceeding rapidly and
pockets left by the enemy will be de-
layed for a long time.

He added that there was
""considerable Chinese opposition.""
Three former Japanese Col. Kobayashi
stated that all enemy opposition
had been taken in the city and that
the capital had been taken.

Nanking's ancient wall, 32 miles
long, had been broken in many
places by the thousands of shells
turned into the enemy artillery.
Japanese said in a highway and
bridge: the walls of Nanking were
completed by the city of
the city were used.

The first Japanese detachments
entered the city at various places
in the city by troops.
...
Chinese Rake Streets

A rain of Chinese machine gun
bullets, poured from houses and
street blocks, swept the half mile
wide open space to the gate and
cut down hundreds of Japanese.
Some reports described the fight-
ing as the first of the hour-long
fire-power attack.

The Japanese said that
the capital to the last minute.
""It is expected to take extreme
mop-up process...
...
...
Mayor Wilson ""pitches the first dime"" in the Mile-o-Dimes campaign.

SEE COLD WAVE
ABOUT TO LIFT

Forecaster Says Brief Respite
From Frigid Blast Is Due
Over Week-end

A brief respite from the cold wave
is Cincinnati was promised for the
week-end Saturday, together with
the prediction that a mass of frigid
air hovering over the northwest will
invade most of the United States
early next week.

Weather Forecaster Devereux
predicted fair weather tonight, with
temperatures no more than 18 to 22
degrees below the normal expected
by day and the warmest with over-
cast.

The temperature dropped to 8.4
at 3 m. as rain, Saturday, but
climbed to 17 at 10 a. m. The low-
est temperature predicted for Sun-
day was between 20 and 30 and
flurries through the day.

Floods, gales and torrential rains
on the Pacific Coast left hundreds
homeless, and accounted for the loss
to thousands of dollars in merchan-
dise and property inhabited by
flood waters.

A reservoir in Pine Creek near
Alturas, Calif., gave way early Sat-
urday, sending thousands of gallons
of water into the city. An
avalanches of water swept into
the business section, where
merchants were attempting to build
drkes, with sacks of flour over short
fronts to protect stocks.

Floods, Gales Unite

On the West Coast floods and
gales combined with extreme cold
and left isolated towns and down-
town areas in their wake. All com-
munications were severed in down-
towns, Calif., where the Yuba River
rolled over its banks and swamped
15 homes away. At least 450 per-
sons were reported to have fled
from their homes and one man
was reported missing.

Other California rivers were at a
record peak and flood stage as a
result of the flood and snow in
24 hours.

At",BC-0698_Recto,
BC-0699_Recto,"Letter to Mr. Koichi Hasegawa from the president, 19 October 1937",,,"Upham, Alfred H.",,"Hasegawa, Koichi",1937-10-19,,Ohio--Oxford; Japan--Osaka,"A letter from Alfred H. Upham, president of Miami University (1928-1945), to Mr. Koichi Hasegawa in Osaka, Japan, dated 19 October 1937. Upham discusses his family's planned winter vacation, which includes a trip around the world with stops in Japan. He provides details of their itinerary, including stays in Yokohama, Tokyo, and Kyoto, and mentions arrangements made with American Express. Upham expresses hope that current conditions will not interfere with their plans and extends an invitation to meet Hasegawa during their visit.",,,"correspondence; Miami University (Oxford, Ohio)",,,1930-1939,,letters (correspondence),,,,,,,,,,"October 19, 1937

Mr. Koichi Hasegawa
57 Naka 1 Chome
Sonezaki, Kitaku
Osaka, Japan

My dear Hasegawa:

In spite of many discouragements the Upham family is
still planning quite definitely a winter vacation which will
take the form of a trip around the world. We shall have to
be detoured around China, but we still have every assurance
that your country will be open to visitors and that we shall
have every opportunity to get around. I have heard from
Dr. Shideler, who has been in Japan until very recently and
who I believe saw you during his visit there. We would be
glad also to see you sometime and some place which proves
to be convenient for you during our all too limited stay in
the country.

Our present plan is to reach Yokohama on the President
Hoover on the morning of Saturday, November 27. We have
reservations at the Imperial Hotel in Tokyo for several days.
We are to reach Kioto Wednesday afternoon, December 1, and
will be at the Miyako Hotel there. We plan to sail from Kobe
Sunday, December 5. I am writing you these details so that
it may be easier for you to establish contact with us, and
not with the thought that you should feel any obligation what-
ever to show us around or do things for us. We have arranged
a rather busy itinerary with the American Express, and hope
that the rather unusual conditions now prevailing will not
interfere too seriously with what we should like to do.

With all good wishes,

Very truly yours,

President",BC-0699_Recto,
BC-0703_Recto,"Foreword by A. H. Upham, undated",,,"Upham, Alfred H.",,,,,Ohio--Oxford,"This foreword by Alfred H. Upham, president of Miami University (1928-1945), introduces a book by Swasdi Nitibhom, a native of Thailand. The book is based on a ballroom dancing class conducted by Nitibhom for American students. Upham highlights the cultural exchange and the shared experiences between Thai students and their American counterparts at Miami University. He praises the grace and rhythm Nitibhom brings from his experiences in England and Thailand.",,,"Miami University (Oxford, Ohio); international students; Thailand",,,,,prefaces,,,,,,,,,,"[handwritten] Nitibhom

FOREWORD

Dancing, like music, is an art that has no boundaries
of race and language. This little book by a native of Thailand
has grown out of a voluntary class in ball-room dancing con-
ducted by him for a typical group of American students. He
perfected his art in England. His pupils have never witnessed
the subtle posturing of Siamese dancers or heard the temple-
bells that still echo in his ears. But they appreciate and
profit by the added grace and rhythm and sense of refined
beauty he has brought with him from other shores.

[handwritten] Swasdi Nitibhom and the little group of other young
men from Thailand who have chosen to live and work for a time
among us are very welcome here at Miami University. They have
sent our imaginations questing half way around the world. At
the same time, with their American nicknames, their interest
in our sports and recreations, and their ability to show us up
in the classroom, they have made us realize how much all stu-
dents everywhere have in common. We frankly admit that one of
them can effectively teach us to dance our own dances.

A. H. Upham",BC-0703_Recto,
BC-0708_Recto,"College aid letter #4, 8 November 1939",,,"Weston, S. Burns",,,1939-11-08,,Ohio--Columbus,"A letter dated November 8, 1939, from S. Burns Weston, State Administrator of the National Youth Administration for Ohio, addressed to the presidents of Ohio colleges and universities. The letter requests a report on institutional participation in the NYA College and Graduate Aid Program, including enrollment numbers and details about Negro students and NYA applications. Harry E. Rabe, Assistant Director of the Work Projects Division, is also mentioned.",,,correspondence; education,,,1930-1939,,letters (correspondence),,,,,,,,,,"Federal Security Agency
NATIONAL YOUTH ADMINISTRATION FOR OHIO
Hoster Bldg.
Columbus, Ohio

November 8, 1939

COLLEGE AID LETTER #4

TO: Presidents of Ohio Colleges and Universities

The Washington office of the National Youth Administration
has requested a report on institution participation in the
NYA College and Graduate Aid Program, including the follow-
ing information:

1. The institution's total enrollment as of Nov-
ember 1, 1939.
2. The number of Negro students enrolled.
3. The total number of NYA applications received.
4. The number of applications which the institution
has approved or is planning to approve for NYA Aid,
5. Institutions which have approved Negro applicants
are requested to indicate the type of work to which
they have been assigned.

Will you, therefore, kindly furnish us with this information,
and as soon as possible, on the enclosed form? We shall
appreciate receiving your report before November 17, 1939.

Sincerely yours,

S. Burns Weston
State Administrator

BY: Harry E. Rabe

Harry E. Rabe, Assistant Director
Work Projects Division",BC-0708_Recto,
BC-0710_Recto,"Letter to Mr. Murray Sheehan regarding Karoom Generdoomying's admission, 8 September 1941",,,"Upham, Alfred H.",,"Sheehan, Murray",1941-09-08,,Ohio--Oxford,"A letter from Alfred H. Upham, president of Miami University (1928-1945), to Mr. Murray Sheehan, dated 8 September 1941. The letter confirms the admission of Karoom Generdoomying to Miami University as a freshman. Upham expresses confidence in the student's potential based on the success of other students from Thailand. The letter also mentions arrangements for Freshman Week and dormitory accommodations.",,,"correspondence; Miami University (Oxford, Ohio); international students",,,1940-1949,,letters (correspondence),,,,,,,,,,"September 8, 1941

Mr. Murray Sheehan
Monsomhurst 59
Gloucaster, Massachusetts

Dear Murray:

Replying to your letter of September 6, I can
assure you that we shall be pleased to admit Karoom
Generdoomying to Miami University as a freshman.

While of course we know nothing of the University
you mention in Bangkok or of its entrance examinations,
the other boys from Thailand have made such a good
record here that we do not hesitate.

Freshman Week begins with a convocation next
Sunday evening, September 14, but we can hold a room
for him a little longer if necessary. We are trying
to squeeze him into one of the freshman dormitories.

Cordially yours,

President",BC-0710_Recto,
BC-0711_Recto,"Letter to Mr. Murray Sheehan from the president, 19 November 1941",,,"Upham, Alfred H.",,"Sheehan, Murray",1941-11-19,,District of Columbia--Washington; Ohio--Oxford,"A letter from Alfred H. Upham, president of Miami University (1928-1945), to Mr. Murray Sheehan at the Royal Thai Legation in Washington, D.C. Upham discusses the possibility of inviting a Thai minister to speak at the university's Commencement exercises in June 1942. He expresses concerns about potential diplomatic issues and his difficulty pronouncing Thai names. Upham also mentions the absence of some Thai students from the previous year and praises those currently at the university.",,,"correspondence; Miami University (Oxford, Ohio); international students; Thailand",,,1940-1949,,letters (correspondence),,,,,,,,,,"November 19, 1941

Mr. Murray Sheehan
Royal Thai Legation
2300 Kalorama Road
Washington, D. C.

Dear Murray:

I have just now got around to the problem of finding
speakers for our Commencement exercises next June. Naturally
I am greatly attracted by your suggestion that there is again
a minister from Thai in Washington who would qualify in every
way as our speaker on the regular Commencement program. I
have only two reservations which are quite obvious: one, that
for some reason or other this man also may be recalled before
our Commencement date; the other, that international friendships
in the Pacific area may crack all to pieces before that time
so that there may be no Thai minister in Washington at all.
However, I am willing to take chances on these contingencies.
There is a third difficulty in which I know you can help me.
That is, my utter inability to pronounce any of these Siamese
names correctly in public.

Seriously, I should be glad to have you extend our in-
vitation to the Minister to deliver the Commencement address
to the graduates of Miami University on the morning of Monday,
June 8, 1942, which is our regular Commencement date. If he
can arrange to undertake this responsibility, I shall hope of
course that you may find it convenient to escort him out here
and enjoy with him the Commencement atmosphere that always
characterizes Miami University.

I had hoped for an occasion which would take me to
Washington before this time. Unfortunately for me, the annual
meeting of the National Association of State Universities was
changed from Washington to Chicago because of the difficulty
of accommodating the Association in any Washington hotel.

We greatly miss some of our friends among the Thailand
boys who were with us last year. Those who are here at the
present time, however, are giving an excellent account of them-
selves.

With all good wishes,

Very truly yours,

President",BC-0711_Recto,
BC-0713_Recto,"Letter from M.R. Seni Pramoj to A.H. Upham, 26 February 1942",,,"Pramoj, M.R. Seni",,"Upham, Alfred H.",1942-02-26,,District of Columbia--Washington; Ohio--Oxford,"A letter from M.R. Seni Pramoj, Minister for Thailand, to Alfred H. Upham, president of Miami University, dated 26 February 1942. The letter expresses gratitude for Upham's offer to host the annual meeting of Thai students at Miami University. However, due to the ongoing war, the meeting has been canceled. Pramoj hopes that in the future, under better circumstances, the students will be able to visit the campus.",,,"correspondence; Miami University (Oxford, Ohio); Thai students; World War (1939-1945)",,,1940-1949,,letters (correspondence),,,,,,,,,,"No.192/2485

[handwritten] RECEIVED
[handwritten] MAR 2 1942

PRESIDENT'S OFFICE
MIAMI UNIVERSITY

THE ROYAL THAI LEGATION
WASHINGTON, D. C.

February 26th, 1942.

Mr. A.H. Upham,
President of Miami University,
Oxford, Ohio.

My dear President Upham,

Thank you for your letter of February 4th and for your offer to
give accommodation to the annual meeting of Thai students.

I much regret that, owing to the War, we shall have to cancel our
usual Students' Meeting this year and we shall therefore be unable to
avail ourselves of the hospitality which you have so kindly extended
on behalf of Miami University. I trust, however, that, at some future date
and under happier circumstances, it will be possible to bring our students
to your campus.

Yours very truly,

[handwritten] M. R. Seni Pramoj

M.R. Seni Pramoj
Minister for Thailand.",BC-0713_Recto,
BC-0714_Recto,"Letter to Mr. Murray Sheehan from the president, 26 May 1942",,,"Upham, Alfred H.",,"Sheehan, Murray",1942-05-26,,District of Columbia--Washington,"A letter dated 26 May 1942 from Alfred H. Upham, president of Miami University (1928-1945), to Mr. Murray Sheehan of the Royal Thai Legation in Washington, D.C. The letter expresses delight at Sheehan's upcoming visit for Commencement and mentions a reservation made for him at David Swing Hall. Upham notes the absence of a Thai student in the graduating class and the inability to secure the Minister as a speaker.",,,"correspondence; Miami University (Oxford, Ohio); Thailand",,,1940-1949,,letters (correspondence),,,,,,,,,,"May 26, 1942

Mr. Murray Sheehan
Royal Thai Legation
2300 Kalorama Road
Washington, D. C.

Dear Murray:

I am delighted to know that you are coming on for
Commencement. We shall all be glad to see you and I think
you will find yourself very comfortable in David Shing Hall
where we are making a reservation for you.

It is too bad that we cannot have at least one boy
from Thailand in the graduating class while you are here,
particularly since we were unable to secure the Minister
as our speaker.

Cordially yours,

President",BC-0714_Recto,
BC-0716_Recto,"Letter to President A. H. Upham from Muenay Shichan, 2 June 1942",,,"Shichan, Muenay",,,1942-06-02,,District of Columbia--Washington; Ohio--Oxford,"A letter from Muenay Shichan of the Royal Thai Legation's Students' Department to President Alfred H. Upham of Miami University, dated 2 June 1942. Shichan expresses gratitude for the hospitality received during a visit to the university and praises the work being done there. The letter also mentions the hope of having been involved in securing a commencement speaker. The correspondence reflects the international connections and academic exchanges between Miami University and the Royal Thai Legation.",,,"correspondence; Miami University (Oxford, Ohio); international students",,,1940-1949,,letters (correspondence),,,,,,,,,,"ROYAL THAI LEGATION  
STUDENTS' DEPARTMENT

2300 KALORAMA ROAD  
WASHINGTON, D.C.

June 2, 1942

President A. H. Upham  
Miami University  
Oxford, Ohio

Dear President Upham:

Just a line, upon my return to the  
Legation, to thank you for the many courtesies which were  
shown to me while I was at the University, and to tell you  
again how proud I am of the wonderful work which you are  
doing there. There is a charm and a dignity about the place  
which I had never so thoroughly felt before. If only I could  
now be looking backward to the pleasure of having been the  
agency through whom you secured yesterday's Commencement  
speaker, my cup would indeed be running over. I shall still  
hope in that direction!

Kindest regards to Mrs. Upham and yourself.

Sincerely yours,

[handwritten] Muenay Shichan",BC-0716_Recto,
BC-0718_Recto,"Letter to President A. H. Upham from C. V. Hibbard, 21 February 1944",,,"Hibbard, C. V.",,"Upham, Alfred H.",1944-02-21,,Pennsylvania--Philadelphia; Ohio--Oxford,"A letter from C. V. Hibbard, National Director of the National Japanese American Student Relocation Council, to Alfred H. Upham, president of Miami University. The letter discusses changes in the deferment policy for undergraduate students in scientific fields by the War Manpower Commission and the Selective Service System. It highlights the recommendation of Nisei students for deferment and includes a statement from Dean Everett L. Hunt of Swarthmore College supporting the deferment of Japanese-American students. Hibbard emphasizes the importance of considering Nisei students fairly in the quota lists.",,,"correspondence; Miami University (Oxford, Ohio); Japanese Americans; World War (1939-1945); United States. Selective Service System",,,1940-1949,,letters (correspondence),,,,,,,,,,"NATIONAL JAPANESE AMERICAN
STUDENT RELOCATION COUNCIL

1201 Chestnut Street, Philadelphia 7, Pa.
RITtenhouse 9372

John W. Nason, National Chairman                    C. V. Hibbard, National Director

February 21, 1944

President A. H. Upham
Miami University
Oxford, Ohio

Dear President Upham:

The War Manpower Commission in conjunction with the
Selective Service System has recently changed the basis for the
deferment of undergraduate students in Engineering, Physics,
Chemistry, and similar subjects. Each college or university
now has a quota assigned to it.

It has come to our attention that certain institutions
are recommending Nisei students for deferment in their quotas.
You may be interested in the statement of Dean Everett L. Hunt
of Swarthmore College.

""We are recommending our Japanese-American boys to
the National Roster of Scientific and Specialized
Personnel for deferment as engineers or chemists.
They have outstanding records and certainly deserve
this deferment. I am not sure that the western
draft boards will accept the recommendation of the
National Roster on this, as I understand they have
been ordered to reclassify all the 4-C boys.

""I want to assure you of our appreciation of the
excellent qualities of these boys, and of our in-
tention to do all we can to enable them to finish
their training under the same terms as are given
to outstanding scientific students of any other
race or group.""

Nisei students should not, of course, be given prefer-
ential treatment. I do hope, however, that they will be given
consideration when you draw up the lists for your quotas.

Yours sincerely,

C. V. Hibbard, Director",BC-0718_Recto,
BC-0897_Recto,"Letter regarding Wing Kong Chong, 24 April 1940",,,"Lucas, Harold W.",,,1940-04-24,,Ohio--Oxford,"A letter from Harold W. Lucas, General Secretary of the YMCA, to the President of Miami University, dated April 24, 1940. The letter provides a personal note regarding Wing Kong Chong, a student at Miami University who is expected to graduate in 1940. Lucas praises Chong's character and leadership qualities, expressing confidence in his potential as a teacher in Hawaii's Department of Public Instruction. Lucas has known Chong for eight years and speaks highly of his contributions during high school and summer camp.",,,"correspondence; Miami University (Oxford, Ohio); education",,,1940-1949,,letters (correspondence),,,,,,,,,,"[handwritten] Dear  
[handwritten] Miami University  
[handwritten] Oxford, Ohio  

OFFICE OF THE PRESIDENT

MIAMI UNIVERSITY  
OXFORD, OHIO

April 24, 1940

President  
Miami University  
Oxford, Ohio

Dear Sir:

It has come to my attention that a personal note
from me might well be added to your file dealing with the
character and person of one of your students Wing Kong Chong
who, I understand, hopes to be graduated from your university
in 1940 with intention of returning to Hawaii to enter the
Department of Public Instruction as a teacher here. I am
very pleased to send this word of testimony concerning Mr.
Chong whom I have known for the past eight years. While I am
not qualified to speak for his scholastic ability or capacity
I do feel that I know enough of him and his brothers and sisters
to say definitely that he is the type of young man we are hoping
more and more will enter the public school system here.

I knew Wing Kong when he was in High School and during a
summer camp I came to know him even better. His character, I
believe, is above reproach. His willingness to be helpful and
his leadership even as a boy was very definitely an asset to
the camp. If, during his years on the mainland, he has contin-
ued on the path I knew him to follow, I am sure he will be a
splendid teacher and friend to youth.

Very cordially yours,

Harold W. Lucas,
GENERAL SECRETARY[handwritten] ,umca",BC-0897_Recto,
BC-0926_Recto,"Financial assistance for Chinese students and trainees, 20 September 1945",,,,,,1945-09-20,,District of Columbia--Washington,"A letter from the United States Department of State dated 20 September 1945, discussing financial assistance for Chinese students and trainees. The letter addresses the handling of visa applications for Chinese nationals proceeding to the United States for education. It emphasizes the need for colleges and universities to send notices of admittance directly to visa offices and to ensure that admittance is not conditional. The letter also highlights the importance of providing specific information about financial assistance to ensure its authenticity and adequacy.",,,correspondence; Chinese students; education,,,1940-1949,,letters (correspondence),,,,,,,,,,"[handwritten] F.13

ADDRESS OFFICIAL COMMUNICATIONS TO
THE SECRETARY OF STATE
WASHINGTON 25, D.C.

DEPARTMENT OF STATE
WASHINGTON

FOR VICTORY
BUY
UNITED
STATES
WAR
BONDS
AND
STAMPS

20 September 1945

Financial assistance given to students and trainees from China.
Admission of Chinese nationals to American colleges and universities.

The American Ambassador to China has made the following request
concerning the above two subjects:

""It would be helpful in the handling of the visa applications
of Chinese students and trainees proceeding to the United States if
the Department could make known as widely as possible to colleges
and universities, special bodies administering scholarship funds
such as the China Institute, and to American business organizations
accepting Chinese as trainees, that advice of the grant of scholar-
ships, fellowships, stipends and other financial assistance, should
be sent directly to the Embassy or to the consular office of the
district in which the applicant resides and that advice furnished
should be as specific as possible in regard to the amount of such
assistance. This is necessary in order to have some assurance of
the authenticity of the information and of the adequacy of the financial
assistance.

""It would be helpful if colleges and universities could be asked
to send their notices of admittance directly to the visa issuing
office and to make the admittance of students absolute and not condi-
tional upon the presentation of satisfactory credentials as frequently
is the case.""

It should be noted that 4(e) visas may not be given when admis-
sion certificates are conditional.",BC-0926_Recto,
BC-0934_Recto,"Offer of scholarship for Korean student, undated",,,,,,,,Ohio--Oxford,"This document outlines a scholarship opportunity offered by Miami University in Oxford, Ohio, for a Korean student named Soon Choi from Seoul, Korea. The scholarship includes room and board, meals, clothing, and living expenses provided by the Foreign Student Committee, Kappa Phi Sorority, and Wesley Foundation. It covers tuition for one year with a possible renewal. The document is signed by Carl R. Anderson, Paul F. Ervin, and Ernest H. Hahm, indicating their roles in the sponsoring student organization and the university.",,,"Miami University (Oxford, Ohio); international students; scholarships",,,,,correspondence,,,,,,,,,,"[handwritten] Pres. Hahm

OFF. OF SCHOLARSHIP FOR FOREIGN STUDENT

Name of college offering opportunity -- Miami University  
Address -- Oxford, Ohio

HOME OPPORTUNITY OFFERED
Room on campus in University housing.
Local group providing expense -- Foreign Student Committee.
Meals provided at dormitory.
Local group providing meals -- Foreign Student Committee.
Clothing and living expense provided by Kappa Phi Sorority and
Wesley Foundation.
Books and incidental college expenses paid by Foreign Student
Committee.
Provisions for vacation and holiday periods -- Foreign Student
Committee.

STUDY OPPORTUNITY OFFERED
Scholarship offered to cover tuition.
Conditions of scholarship -- road and speak English.
Field of study -- Arts and Science.
One year scholarship with possible renewal.

Student selected -- Soon Choi, 18-254 Yon Am-Dong, Seoul, Korea.

We certify that this foreign student will not displace an American
student.

[handwritten] Carl R. Anderson
[handwritten] President of sponsoring student organization

[handwritten] Paul F. Ervin
[handwritten] Moderator of sponsoring student organization

[handwritten] Ernest H. Hahm
[handwritten] College President",BC-0934_Recto,
