Identifier,Human Title,Human Creator,Human Date,Human Location,Human Genre,Human Summary,Baseline AI Summary,Few-Shot AI Summary,Human word count,Baseline word count,Few-shot word count,Baseline length delta vs human,Few-shot length delta vs human,Baseline lexical similarity to human,Few-shot lexical similarity to human,Few-shot validation errors,Few-shot validation warnings,Automatic flags,Tone/style match score baseline (1-5),Tone/style match score few-shot (1-5),Specificity score baseline (1-5),Specificity score few-shot (1-5),Factual grounding score baseline (1-5),Factual grounding score few-shot (1-5),Readability score baseline (1-5),Readability score few-shot (1-5),Cataloging usefulness score baseline (1-5),Cataloging usefulness score few-shot (1-5),Winner,Notes
BC-0688,"Letter from Murray Sheehan to Marie Marshall regarding Title for Prasobsukh Sukhsvasti, 27 October 1938","Sheehan, Murray",1938-10-27,Washington (D.C.),letters (correspondence),"Addressed to Secretary to President Upham, Marie Marshall, from Superintendent of the Student's Department at the Siamese/Thai Legation/Embassy. The letter concerns itself with how to address Prasobsukh Sukhsvati, a Prince of the Thai monarchy, within the graduate files at Miami University in order to prevent anymore unnecessary publicity, reflecting instead his humble occupation as a soon to be high-school teacher or government bureaucrat.",A letter from Murray Sheehan of the Siamese Legation to the secretary to the president of Miami University regarding the listing of Mr. Prasobsukh Sukhsvasti and the request to not grant him the title 'Prince'.,"Murray Sheehan, Superintendent of the Students' Department at the Siamese Legation, writes to Miss Marshall, Secretary to the President of Miami University, providing the current address and occupation of Prasobsukh Sukhsvasti for the 1938 graduate files. Sheehan requests that Miami University refrain from using the title 'Prince' for Sukhsvasti, despite his own publicity. Sukhsvasti is noted to be either a high-school teacher or possibly holding a government position in Siam.",67,35,71,-32,4,0.193,0.329,0,0,,,,,,,,,,,,,
BC-0692,"Itinerary for travels of Alfred Upham through Japan, Philippines, Singapore, India, Egypt, and Italy, 17 November 1937 - 30 March 1938",,1937-11-17-1938-03-30,Ohio--Oxford,itineraries,"An itinerary of locations throughout Asia for President Upham to stay, how long he would stay, and the mailing dates for each loaction from Oxford, Ohio. Styled as a ""vacation,"" in reality President Upahm was surveying the different teaching methods in each country as well as visitng alumni at these places.","Document detailing the travel itinerary for Upham, listing destinations and addresses of American Express branches from December to March.","This document outlines the travel itinerary of Alfred H. Upham, president of Miami University, detailing his planned visits to various international locations including Yokohama, Manila, Singapore, Calcutta, Bombay, Cairo, and Naples. The itinerary includes addresses for American Express offices in each city and mailing dates from Oxford, Ohio. The document reflects Upham's extensive travel plans, likely related to his academic and administrative duties.",51,19,64,-32,13,0.130,0.186,0,0,,,,,,,,,,,,,
BC-0694,"Letter from Alfred Upham to K. Tomizawa requesting to meet in San Francisco before departing for vacation abroad, 19 October 1937","Upham, Alfred Horatio",1937-10-19,Ohio--Oxford,letters (correspondence),"Several weeks before President Upham's departure for San Francisco and from there, Japan, Upham addresses a letter to accomplished Miami alum, Kiyoshi Tomizawa. A priority in Upham's travels to Asia was to meet with alumni that lived in Asia, including Tomizawa who Upham hoped to have a conversation with in San Francisco before abruptly leaving on a ship bound for Japan, perhaps not only could they catch up on Tomizawa's career but his personal experience as a Japanese person.","A letter from Alfred H. Upham, president of Miami University (1928–1945), to Mr. Kiyoshi Tomizawa, discussing a planned winter vacation around the world by the Upham family and a potential meeting in San Francisco.","A letter from Alfred H. Upham, president of Miami University, to Kiyoshi Tomizawa, discussing the Upham family's planned winter vacation around the world. The letter mentions their intended departure from San Francisco on November 13, 1937, aboard the President Hoover of the Dollar Line, with hopes of visiting Japan. Upham expresses a desire to meet Tomizawa before their departure and reflects on Tomizawa's recent visit to Oxford.",82,35,69,-47,-13,0.154,0.192,0,0,,,,,,,,,,,,,
BC-0695,"Letter from Alfred Upham to the Minister of Siam regarding Miami student Prasob Sukhvashti, 20 October 1937","Upham, Alfred Horatio",1937-10-20,Ohio--Oxford,letters (correspondence),"Addressed to a Minister of Siam, a representative from the Siamese Legation in D.C., President Upham speaks highly of the Thai Prince, Prasobsukh Sukhvasti, as not only an excellent undergraduate student but a soon to be graduate student. Sukhvasti was not only an exceptional student who had accomplished teaching experiences during his break between the school years, but he had also been an amiable person, making friends with Miami students to faculty.","A letter from Alfred H. Upham, president of Miami University (1928–1945), to the Minister from Siam, discussing the achievements and future plans of Prasob Sukhvashti, who is returning to complete his studies.","A letter from Alfred H. Upham, president of Miami University (1928-1945), to the Minister from Siam at the Siamese Legation in Washington, D.C. The letter discusses Prasob Sukhvashti, a student at Miami University, highlighting his academic achievements and positive contributions to the campus community. Upham expresses confidence in Sukhvashti's ability to complete his master's degree by February 1939, emphasizing his determination and experience gained in teaching and newspaper work.",73,33,73,-40,0,0.145,0.154,0,0,,,,,,,,,,,,,
BC-0696,"Letter from Alfred Upham to WN Jardine regarding his upcoming travels and travel advice, 20 October 1937","Upham, Alfred Horatio",1937-10-20,Ohio--Oxford,letters (correspondence),"In preparation for his eventual stay in Egypt during his Asian sabbatical, President Upham reaches out in this letter to President William Jardine of the University of Wichita, a well traveled expert and scholar on Egyptian and Middle Eastern subjects. President Upham addresses the problems that he has had to organize this trip to Asia, including the forgoing of China due to the Japanese invasion at the time, as well as his lack of experience in certain countries. President Upham ends the letter by stating that while he wants special treatment where he travels as an academic, he also wishes to avoid unwanted publicity to not be seen as wasting University funding.","A letter from Alfred H. Upham, president of Miami University (1928–1945), to President William M. Jardine of the University of Wichita, discussing plans for a sabbatical trip around the world, including stops in Cairo, Luxor, and Jerusalem.","A letter from Alfred H. Upham, president of Miami University, to William M. Jardine, president of the University of Wichita. Upham discusses his upcoming sabbatical travel plans, including a trip around the world with stops in Cairo, Luxor, and Jerusalem. He seeks Jardine's advice on people to meet and places to visit, while noting the lack of publicity for the trip due to public perception of presidential travel.",112,38,69,-74,-43,0.165,0.200,0,0,,,,,,,,,,,,,
BC-0697,"Newspaper clipping titled ""Dr. Upham and Family Planning Trip to Japan"" from the Journal-News, undated","Upham, Alfred Horatio",1937,Ohio--Oxford,newspaper clippings,"A clip of an article from the Oxford Journal-News regarding President Upham's trip to Asia. The entire Upham family is revealed to be going on the trip, and were to meet familiar Miami faculty Dr. and Mrs. Shideler as President Upham observes the educational practices in Asia and to meet with alumni that now lived in Asia.","A newspaper clipping from the Journal-News detailing Dr. Alfred H. Upham's planned trip to Japan for a sabbatical to study educational methods and visit Miami University alumni. The Upham family will visit several countries, including Japan and India.","A newspaper article from the Journal-News dated 16 November 1937, detailing the upcoming sabbatical trip of Dr. A. H. Upham, president of Miami University, and his family. They plan to leave San Francisco for a winter vacation, visiting Japan, Hong Kong, the Philippines, Java, India, Egypt, and the Mediterranean countries. Dr. Upham intends to study educational methods abroad and visit Miami alumni. A. K. Morris will assume his duties during his absence.",59,40,73,-19,14,0.224,0.186,0,0,,,,,,,,,,,,,
BC-0698,"Newspaper clipping titled ""Miami U. President Among 503 Rescued from Grounded Liner"" from the Post, 11 December 1937",United Press,1937-12-11,Ohio--Cincinnati,newspaper clippings,"In an issue of The Cincinnati Post, it is revealed that due to the Japanese invasion of China in addition to bad weather, the ship that President Upham and his family were on was forced to take a new route, resulting in the boat being grounded upon a reef south of Japan. The Upham family were all reported to be safe despite some passengers needing medical attention due to exposure, thankfully being rescued from nearby ships in a short time.","A newspaper article from The Post discussing the rescue of Alfred H. Upham, president of Miami University, among 503 passengers from a grounded liner.","A newspaper article from The Post, dated December 11, 1937, reporting on the rescue of Miami University President Alfred H. Upham and 502 others from a grounded liner. The article highlights the incident and mentions that Dr. Upham, along with his wife and daughter, were taken from the ship and are believed to be safe. The event is part of a broader coverage of news in Cincinnati, Ohio.",80,24,68,-56,-12,0.117,0.165,0,0,,,,,,,,,,,,,
BC-0699,"Letter from Alfred Upham to K. Hasegawa requesting to meet during Upham's trip to Japan, 19 October 1937","Upham, Alfred Horatio",1937-10-19,Ohio--Oxford,letters (correspondence),"A letter from President Upham, addressed to Miami alum Koichi Hasegawa asking if he would like to meet while he is in Japan. Part of a series of letters President Upham sent out before he departed to San Francisco to various Miami alum, Hasegawa is asked to help President Upham and his family be guided in Japan, Upham prefacing how difficult it has been to organize the trip.","A letter from Alfred H. Upham, president of Miami University (1928–1945), to Mr. Koichi Hasegawa in Osaka, detailing winter travel plans in Japan during 1937 despite difficulties.","Alfred H. Upham, president of Miami University (1928-1945), writes to Koichi Hasegawa detailing his family's upcoming travel plans in Japan. Despite challenges, the Uphams plan to visit Yokohama, Tokyo, and Kyoto, with accommodations arranged at the Imperial Hotel and Miyako Hotel. Upham expresses hope that current conditions will not disrupt their itinerary and extends an invitation to meet Hasegawa during their stay.",68,28,64,-40,-4,0.154,0.145,0,0,,,,,,,,,,,,,
BC-0703,"Foreword written by Alfred Upham for book by Swasdi Nitibhon on the topic of dance, undated","Upham, Alfred Horatio",,Ohio--Oxford,prefaces,"In a book regarding dance written by Miami alum Swasdi Nitibhon, one of the cohort of Thai students, president Upham wrote a forward on the shared cultural experience of dance. Thai students at Miami University in the early 20th century seemed to have been well received by the University population; they were not only interested in learning about American culture but had been excellent students academically.","A foreword written by A. H. Upham, discussing a ballroom dancing class led by Swadi Nitibon from Thailand at Miami University.","A foreword written by Alfred H. Upham, president of Miami University (1928-1945), introducing a book by Swadi Nitibon, a native of Thailand. The book is based on a ballroom dancing class conducted by Nitibon for American students. Upham highlights the cultural exchange and the shared experiences between Thai students and the Miami University community, emphasizing the universal nature of art and dance.",66,21,63,-45,-3,0.075,0.191,0,0,,,,,,,,,,,,,
BC-0708,"Memo from the National Youth Administration requesting a report on the number of African American students enrolled at Ohio colleges and universities, 8 November 1939","Weston, S.Burns; Rabe, Harry E.; National Youth Administration (NYA)",1939-11-08,Ohio--Columbus,memorandums,"Addressed to all Ohio colleges and universities, the NYA makes a request for multiple demographic questions including the number of African American students, the total enrollment of students, total number of NYA applicants, the number of NYA applicants getting aid, and the type of work that African American students perform.",A letter from the National Youth Administration for Ohio requesting information from Ohio Colleges and Universities regarding participation in the NYA College and Graduate Aid Program.,"A letter from S. Burns Weston, State Administrator of the National Youth Administration for Ohio, addressed to the presidents of Ohio colleges and universities. The letter requests a report on the institutions' participation in the NYA College and Graduate Aid Program, including enrollment numbers and details about Negro students. Harry E. Rabe, Assistant Director of the Work Projects Division, is noted as a contributor.",50,26,64,-24,14,0.200,0.228,0,0,,,,,,,,,,,,,
BC-0710,"Letter from Alfred Upham to Murray Sheehan regarding admission of Thai student Karoon Gengradomying, 8 September 1941","Upham, Alfred Horatio",1941-09-08,Ohio--Oxford,business letters,"An update letter for Murray Seehan, Superintendent of the Student's Department at the Siamese/Thai Legation/Embassy, regarding the Thai student Karoon Gengradomying. President Upham surprisingly disregards the academic exams that students in Thailand must pass, to instead accepting Gengradomying because he is a Thai student and the excellent reputation Thai students have at Miami, showing even more enthusiasm by reserving a dorm for him late into the admission process.","A letter from Alfred H. Upham, president of Miami University (1928–1945), to Mr. Murray Sheehan, confirming the admission of Karoon Gengradomying as a freshman and mentioning other Thai students at the university.","A letter from Alfred H. Upham, president of Miami University, to Murray Sheehan, Superintendent of the Student's Department at the Siamese/Thai Legation/Embassy, confirming the admission of Karoon Gengradomying as a freshman. Upham expresses confidence in the academic performance of Thai students at Miami University, despite unfamiliarity with the Bangkok university mentioned by Sheehan. The letter also discusses arrangements for Gengradomying's accommodation during Freshman Week.",71,33,68,-38,-3,0.214,0.288,0,0,,,,,,,,,,,,,
BC-0711,"Letter from Alfred Upham to Murray Sheehan regarding invitation to a minister from Thailand to deliver commencement speech, 19 November 1941","Upham, Alfred Horatio",1941-11-19,Ohio--Oxford,business letters,"Showing a continued interests in the relationship Miami University has with Thai students, President Upham reaches out to Murray Sheehan, Superintendent of the Student's Department at the Siamese/Thai Legation/Embassy, regarding the possibility of having a Thai diplomatic representative come to speak at the Miami commencement ceremony. President Upham expresses some reservations to having the diplomat come speak, including fears of a war with Japan breaking out and causing the Thai government to retract their diplomats and Upham's ignorance to pronouncing Thai names correctly.","A letter from Alfred H. Upham, president of Miami University (1928–1945), to Mr. Murray Sheehan, discussing the invitation of a Thai minister as a commencement speaker, highlighting concerns about international relations and pronunciation of names.","Alfred H. Upham, president of Miami University, writes to Murray Sheehan at the Royal Thai Legation in Washington, D.C., discussing the possibility of a Thai minister speaking at the university's commencement on June 8, 1942. Upham expresses concerns about potential diplomatic issues and his difficulty pronouncing Thai names. He invites Sheehan to accompany the minister to the event. Upham also mentions the absence of some Thai students from the previous year and praises those currently enrolled.",87,36,78,-51,-9,0.167,0.228,0,0,,,,,,,,,,,,,
BC-0713,"Letter from S. Pramoj to Alfred Upham informing him of the cancellation of the annual meeting of Thai students on account of World War II, 26 February 1942","Pramoj, Seni",1942-02-26,Washington (D.C.),business letters,"His fears realized, President Upham receives a letter from the Thai minister that was to give the commencement speech later in June of 1942, Seni Pramoj. With the state of war now enveloping the Indo-Pacific region, Pramoj regrets not being able to a visit Miami University for his meeting with Thai students and to give his commencement speech.","A letter from M.R. Seni Pramoj to Mr. A.H. Upham, discussing the cancellation of an annual meeting of Thai students due to the war.","M.R. Seni Pramoj, Minister for Thailand, writes to Alfred H. Upham, President of Miami University, to express regret over the cancellation of the annual meeting of Thai students due to the ongoing war. Pramoj acknowledges Upham's offer to host the event at Miami University and hopes for future opportunities under better circumstances. This correspondence highlights the impact of World War II on international student activities.",59,26,67,-33,8,0.227,0.206,0,0,,,,,,,,,,,,,
BC-0714,"Letter from Alfred Upham to Murray Sheehan regarding Sheehan's upcoming visit to Miami for commencement, 26 May 1942","Upham, Alfred Horatio",1942-05-26,Ohio--Oxford,business letters,"In a letter addressed to Murray Sheehan, Superintendent of the Student's Department at the Siamese/Thai Legation/Embassy, President Upham expresses his gratitude for Sheehan's attendance for the Miami June commencement ceremony. Originally, the Thai minister to the U.S. was to attend yet due to the War breaking out with Japan, Sheehan comes in his stead, even more unfortunate is the lack of Thai students in the graduating class this year.","A letter from Alfred H. Upham, president of Miami University (1928–1945), to Mr. Murray Sheehan at the Royal Thai Legation, regarding plans for commencement and arrangements for Sheehan's visit.","A letter from Alfred H. Upham, president of Miami University, to Murray Sheehan of the Royal Thai Legation, dated 26 May 1942. Upham expresses his delight at Sheehan's upcoming visit for the commencement ceremony and mentions accommodations at David Swing Hall. He regrets the absence of a Thai student in the graduating class and the inability to secure the Minister as a speaker.",74,31,64,-43,-10,0.196,0.273,0,0,,,,,,,,,,,,,
BC-0716,"Letter from Murray Sheehan to Alfred Upham thanking him for his hospitality during Sheehan's visit to Miami for commencement, 2 June 1942","Sheehan, Murray; Royal Thai Legation",1942-06-02,Washington (D.C.),business letters,"Taking place after the June commencement ceremony where originally the Thai minister to the U.S. was to speak, Murray Sheehan, Superintendent of the Student's Department at the Siamese/Thai Legation/Embassy, thanks President Upham for the warm welcome that Miami had given him while he was there. Murray also expresses his regret of not being able to provide a suitable speaker for the commencement.",A letter from the Royal Thai Legation's Student Department to President A.H. Upham of Miami University expressing appreciation for hospitality and admiration for the university's work.,"Murray Sheehan, from the Royal Thai Legation's Student's Department, writes to Alfred H. Upham, president of Miami University, on 2 June 1942. Sheehan expresses gratitude for the hospitality shown during his visit to the university and praises the institution's charm and dignity. He reflects on the pleasure of having been involved in securing the commencement speaker and extends regards to Mrs. Upham.",66,29,65,-37,-1,0.167,0.232,0,0,,,,,,,,,,,,,
BC-0718,"Letter from C.V. Hibbard to Alfred Upham regarding the deferment of Nisei students studying STEM subjects, 21 February 1944","Hibbard, C.V.; National Japanese American Relocation Council",1944-02-21,Pennsylvania--Philadelphia,business letters,"In a national effort to increase the amount of students enrolled in STEM programs across the country military development purposes, C.V. Hibbard writes to President Upham and other institutions with Nisei Japanese students present in the student population. With quotas in place to have a certain number of STEM students, institutions are defering Japanese students who had shown promise in the STEM field. Hibbard reminds Upham and others that they are to instead treat Japanese students like any other regarding STEM enrollment.",A letter from C. V. Hibbard of the National Japanese American Student Relocation Council to President A. H. Upham of Miami University recommending Nisei students for deferment in quotas.,"A letter from C. V. Hibbard, National Director of the National Japanese American Student Relocation Council, to Alfred H. Upham, President of Miami University. The letter discusses the deferment of Nisei students in scientific fields under the War Manpower Commission's new quota system. Hibbard emphasizes the importance of considering Japanese-American students for deferment based on merit, referencing a statement by Dean Everett L. Hunt of Swarthmore College. The letter reflects the challenges faced by Japanese-American students during World War II.",83,29,83,-54,0,0.169,0.103,0,0,,,,,,,,,,,,,
BC-0897,"Letter from Harold Lucas to Alfred Upham regarding Wing Kong Chong Testimony, 24 April 1940","Lucas, Harold V.",1940-04-24,Ohio--Oxford,letters (correspondence),"Having known Wing Kong Chong when he was growing up in Hawaii, Lucas speaks highly of Chong who wishes to be a public school teacher in Hawaii. Lucas goes on to state that these qualities of his are more than sufficient to be a great teacher when he returns to Hawaii.","A letter from Harold V. Lucas to Alfred H. Upham, president of Miami University (1928–1945) providing a character reference for student Wing Kong Chong, highlighting his qualities as a future educator.","A letter from Harold V. Lucas, General Secretary of the YMCA, to the president of Miami University. Lucas provides a personal note on Wing Kong Chong, a student expected to graduate in 1940. He praises Chong's character and leadership, expressing confidence in his potential as a teacher in Hawaii's Department of Public Instruction. Lucas has known Chong for eight years and highlights his positive attributes.",51,32,67,-19,16,0.128,0.145,0,0,,,,,,,,,,,,,
BC-0926,"Letter from Department of State regarding financial assistance given to students and trainees from China and Admission of Chinese Nationals to American Colleges and Universities, 20 September 1945",United States Department of State,1945-09-20,Washington (D.C.),letters (correspondence),"Upon the request of the American Ambassador to China to help Chinese students studying in the U.S., the State Department should make it known to all institutions enrolling Chinese students about the opportunities of scholarship available to them via organizations in the U.S. made to help Chinese students.","Letter from the Department of State discussing financial aid and admission requirements for Chinese students in the U.S. dated September 20, 1945.","A letter from the United States Department of State dated 20 September 1945, addressing the financial assistance and admission of Chinese students and trainees to American colleges and universities. The American Ambassador to China requests that scholarship and financial assistance details be sent directly to the Embassy or consular offices to ensure authenticity and adequacy. The letter also advises that admission notices should be sent directly to visa offices and should not be conditional upon credentials.",50,23,76,-27,26,0.132,0.186,0,0,,,,,,,,,,,,,
BC-0934,"Offer of Scholarship for Korean Student, Rosa Choi, between 1950-1952","Anderson, Carol; Erwin, Paul F.; Hahne, Ernest H.",1950; 1951; 1952,Ohio--Oxford,scholarships,"Most likely sent after the liberation of Korea from Japan, Rosa Choi is offered enrollment and scholarship at Miami University. While the home opportunities offered for her stay at Miami are provided nominally from the Foregin Student Committee, certain conditions are placed on her as a foregin student, including the need to be proficient in English and that she will not displace an American student who wishses to enroll at the University.","A document outlining scholarship opportunities for a Korean student at Miami University, detailing housing, meals, and educational provisions.","A document detailing a scholarship offer for a Korean student named Ross Choi at Miami University, Oxford, Ohio. The scholarship covers tuition, room, meals, and other expenses, provided by the Foreign Student Committee, Kappa Phi Sorority, and Wesley Foundation. The scholarship is for one year with a possibility of renewal, and requires the student to read and speak English. The document is signed by Carol L. Anderson, Paul F. Erwin, and Ernest H. Hahm.",72,18,74,-54,2,0.132,0.138,0,0,,,,,,,,,,,,,
